"pos","call_count","call_ratio","run_count","not_run_count"
"1","76","0.09","60","151"
"2","51","0.06","58","153"
"3","48","0.05","66","145"
"4","40","0.05","64","147"
"5","36","0.04","78","133"
"6","33","0.04","77","134"
"7","33","0.04","70","141"
"8","32","0.04","64","147"
"9","25","0.03","67","144"
"10","24","0.03","91","120"
"11","24","0.03","102","109"
"12","24","0.03","67","144"
"13","24","0.03","109","102"
"14","19","0.02","75","136"
"15","18","0.02","75","136"
"16","18","0.02","60","151"
"17","18","0.02","72","139"
"18","15","0.02","85","126"
"19","12","0.01","80","131"
"20","12","0.01","73","138"
"21","12","0.01","89","122"
"22","12","0.01","82","129"
"23","12","0.01","67","144"
"24","9","0.01","60","151"
"25","9","0.01","79","132"
"26","9","0.01","77","134"
"27","9","0.01","88","123"
"28","9","0.01","99","112"
"29","9","0.01","106","105"
"30","9","0.01","80","131"
"31","6","0.01","56","155"
"32","6","0.01","66","145"
"33","6","0.01","93","118"
"34","6","0.01","94","117"
"35","6","0.01","91","120"
"36","6","0.01","82","129"
"37","6","0.01","87","124"
"38","6","0.01","104","107"
"39","6","0.01","105","106"
"40","6","0.01","102","109"
"41","6","0.01","65","146"
"42","6","0.01","88","123"
"43","6","0.01","91","120"
"44","6","0.01","111","100"
"45","6","0.01","112","99"
"46","6","0.01","109","102"
"47","5","0.01","56","155"
"48","4","0.0","62","149"
"49","4","0.0","73","138"
"50","3","0.0","76","135"
"51","3","0.0","74","137"
"52","3","0.0","75","136"
"53","3","0.0","75","136"
"54","3","0.0","63","148"
"55","3","0.0","92","119"
"56","3","0.0","82","129"
"57","3","0.0","85","126"
"58","3","0.0","85","126"
"59","3","0.0","88","123"
"60","3","0.0","85","126"
"61","3","0.0","103","108"
"62","3","0.0","93","118"
"63","3","0.0","95","116"
"64","3","0.0","88","123"
"65","3","0.0","77","134"
"66","3","0.0","95","116"
"67","3","0.0","87","124"
"68","3","0.0","90","121"
"69","3","0.0","110","101"
"70","3","0.0","100","111"
"71","3","0.0","92","119"
"72","3","0.0","94","117"
"73","3","0.0","77","134"
"74","3","0.0","77","134"
"75","3","0.0","68","143"
"76","3","0.0","76","135"
"77","2","0.0","62","149"
"78","2","0.0","61","150"
"79","2","0.0","65","146"
"80","1","0.0","58","153"
"81","1","0.0","54","157"
"82","1","0.0","55","156"
"83","1","0.0","72","139"
"84","1","0.0","78","133"
"85","1","0.0","75","136"
"86","1","0.0","62","149"
"87","1","0.0","64","147"
"88","1","0.0","50","161"
